"x","y"
0,4.79424e-20
0,2.23953e-20
0,2.01937e-19
0,7.15629e-12
0,1.01708e-11
0,1.08556e-11
0,1.06627e-11
0,1.05205e-11
0,1.08359e-11
0,1.1258e-11
0,1.15586e-11
0,1.19264e-11
0,1.24194e-11
0,1.31014e-11
0,1.39947e-11
0,1.54521e-11
0,1.81964e-11
0,2.37496e-11
0,3.26695e-11
0.00065,3.31176e-11
0.00149717,3.37155e-11
0.00264084,3.45481e-11
0.0041848,3.57209e-11
0.00623312,3.73678e-11
0.00895057,3.97255e-11
0.0125557,4.31892e-11
0.0173385,4.8459e-11
0.0236837,5.6866e-11
0.0321017,7.11708e-11
0.0432695,9.7739e-11
0.0580855,1.53305e-10
0.0777414,2.89699e-10
0.103818,7.04481e-10
0.136318,2.2096e-09
0.168818,7.02635e-09
0.201318,2.23112e-08
0.233818,6.98387e-08
0.266318,2.11168e-07
0.298818,5.92663e-07
0.331318,1.42644e-06
0.363818,2.85897e-06
0.396318,4.79846e-06
0.428818,6.92777e-06
0.461318,8.9036e-06
0.493818,1.05125e-05
0.526318,1.18212e-05
0.558818,1.30237e-05
0.591318,1.42301e-05
0.623818,1.5476e-05
0.65,1.65135e-05

"x","y"
0,2.27232e-20
0,2.5205e-20
0,-8.27482e-20
0,5.10193e-12
0,7.27849e-12
0,7.80069e-12
0,7.67936e-12
0,7.58334e-12
0,7.79294e-12
0,8.1098e-12
0,8.35667e-12
0,8.67349e-12
0,9.11873e-12
0,9.77979e-12
0,1.07303e-11
0,1.23778e-11
0,1.5687e-11
0,2.27918e-11
0,3.45926e-11
0.00065,3.49637e-11
0.00149717,3.54574e-11
0.00264084,3.61421e-11
0.0041848,3.71013e-11
0.00623312,3.84389e-11
0.00895057,4.03365e-11
0.0125557,4.30927e-11
0.0173385,4.72266e-11
0.0236837,5.37086e-11
0.0321017,6.45181e-11
0.0432695,8.41554e-11
0.0580855,1.24323e-10
0.0777414,2.21008e-10
0.103818,5.11007e-10
0.136318,1.55719e-09
0.168818,4.90885e-09
0.201318,1.55997e-08
0.233818,4.91356e-08
0.266318,1.50295e-07
0.298818,4.29962e-07
0.331318,1.06352e-06
0.363818,2.19485e-06
0.396318,3.77878e-06
0.428818,5.55633e-06
0.461318,7.21228e-06
0.493818,8.52503e-06
0.526318,9.53653e-06
0.558818,1.04369e-05
0.591318,1.13345e-05
0.623818,1.22612e-05
0.65,1.30325e-05

"x","y"
0,3.03916e-20
0,2.91152e-20
0,-5.00164e-20
0,4.21201e-12
0,6.04887e-12
0,6.50778e-12
0,6.40772e-12
0,6.36726e-12
0,6.48808e-12
0,6.71987e-12
0,6.90029e-12
0,7.12499e-12
0,7.43599e-12
0,7.88751e-12
0,8.48452e-12
0,9.50757e-12
0,1.14946e-11
0,1.56654e-11
0,2.29797e-11
0.00065,2.32564e-11
0.00149717,2.36249e-11
0.00264084,2.41371e-11
0.0041848,2.48562e-11
0.00623312,2.58623e-11
0.00895057,2.72955e-11
0.0125557,2.93883e-11
0.0173385,3.25486e-11
0.0236837,3.75461e-11
0.0321017,4.59667e-11
0.0432695,6.14506e-11
0.0580855,9.3556e-11
0.0777414,1.71961e-10
0.103818,4.10599e-10
0.136318,1.28382e-09
0.168818,4.11672e-09
0.201318,1.32566e-08
0.233818,4.22578e-08
0.266318,1.30823e-07
0.298818,3.78868e-07
0.331318,9.45941e-07
0.363818,1.96523e-06
0.396318,3.38712e-06
0.428818,4.96571e-06
0.461318,6.42524e-06
0.493818,7.6114e-06
0.526318,8.58189e-06
0.558818,9.47474e-06
0.591318,1.03682e-05
0.623818,1.1289e-05
0.65,1.2055e-05

"x","y"
0,6.65268e-20
0,1.26826e-19
0,-7.21828e-19
0,3.99424e-12
0,5.64617e-12
0,6.01815e-12
0,5.88506e-12
0,5.78325e-12
0,5.9049e-12
0,6.08421e-12
0,6.20538e-12
0,6.34688e-12
0,6.50654e-12
0,6.70066e-12
0,6.88833e-12
0,7.12638e-12
0,7.48949e-12
0,8.02706e-12
0,8.72905e-12
0.00065,8.92623e-12
0.00149717,9.19031e-12
0.00264084,9.55996e-12
0.0041848,1.0084e-11
0.00623312,1.08263e-11
0.00895057,1.19004e-11
0.0123655,1.34101e-11
0.0168959,1.57264e-11
0.0229063,1.94548e-11
0.0308801,2.58518e-11
0.0414587,3.78024e-11
0.055493,6.28114e-11
0.0741118,1.23698e-10
0.0988127,3.05072e-10
0.131006,9.90807e-10
0.163506,3.24664e-09
0.196006,1.05724e-08
0.228506,3.40204e-08
0.261006,1.06814e-07
0.293506,3.18335e-07
0.326006,8.43718e-07
0.358506,1.87286e-06
0.391006,3.40512e-06
0.423506,5.12705e-06
0.456006,6.65331e-06
0.488506,7.84806e-06
0.521006,8.83986e-06
0.553506,9.78904e-06
0.586006,1.07656e-05
0.618506,1.17874e-05
0.65,1.28217e-05

"x","y"
0,2.44983e-20
0,-2.49851e-21
0,-9.04422e-20
0,2.81904e-12
0,3.98405e-12
0,4.24538e-12
0,4.14867e-12
0,4.07598e-12
0,4.15573e-12
0,4.2774e-12
0,4.36096e-12
0,4.45824e-12
0,4.56726e-12
0,4.7065e-12
0,4.83588e-12
0,4.99385e-12
0,5.23689e-12
0,5.59905e-12
0,6.02985e-12
0.00065,6.16652e-12
0.00151233,6.3531e-12
0.00267648,6.61434e-12
0.00422092,6.97847e-12
0.00623384,7.48489e-12
0.00890431,8.21678e-12
0.0124471,9.3047e-12
0.0171473,1.09836e-11
0.0233828,1.3707e-11
0.0316553,1.84282e-11
0.0426301,2.73709e-11
0.05719,4.64344e-11
0.0765062,9.40091e-11
0.102132,2.40501e-10
0.134632,7.9251e-10
0.167132,2.6047e-09
0.199632,8.50823e-09
0.232132,2.7459e-08
0.264632,8.65031e-08
0.297132,2.58751e-07
0.329632,6.87669e-07
0.362132,1.53432e-06
0.394632,2.80301e-06
0.427132,4.23161e-06
0.459632,5.47984e-06
0.492132,6.4233e-06
0.524632,7.18093e-06
0.557132,7.89916e-06
0.589632,8.63802e-06
0.622132,9.41066e-06
0.65,1.00996e-05

"x","y"
0,6.38165e-20
0,7.06225e-20
0,1.40299e-19
0,2.43749e-12
0,3.47596e-12
0,3.72829e-12
0,3.65587e-12
0,3.61469e-12
0,3.66465e-12
0,3.76333e-12
0,3.82718e-12
0,3.89305e-12
0,3.97398e-12
0,4.08796e-12
0,4.19113e-12
0,4.29929e-12
0,4.4659e-12
0,4.71936e-12
0,5.05903e-12
0.00065,5.17531e-12
0.00149717,5.33109e-12
0.00264084,5.54921e-12
0.00415812,5.85308e-12
0.00617104,6.28323e-12
0.00884151,6.90529e-12
0.0123843,7.83068e-12
0.0170845,9.26021e-12
0.02332,1.15822e-11
0.0315925,1.56147e-11
0.0425673,2.32702e-11
0.0571272,3.96383e-11
0.0764434,8.06449e-11
0.102069,2.07549e-10
0.134569,6.88738e-10
0.167069,2.2786e-09
0.199569,7.48886e-09
0.232069,2.43015e-08
0.264569,7.693e-08
0.297069,2.3084e-07
0.329569,6.13339e-07
0.362069,1.36525e-06
0.394569,2.48058e-06
0.427069,3.72362e-06
0.459569,4.81504e-06
0.492069,5.67398e-06
0.524569,6.40194e-06
0.557069,7.10616e-06
0.589569,7.83051e-06
0.622069,8.5872e-06
0.65,9.26413e-06

"x","y"
0,1.904e-20
0,2.29238e-20
0,6.79584e-20
0,2.23319e-12
0,3.20786e-12
0,3.43163e-12
0,3.35905e-12
0,3.3477e-12
0,3.35105e-12
0,3.44072e-12
0,3.4976e-12
0,3.55721e-12
0,3.63791e-12
0,3.74737e-12
0,3.88198e-12
0,4.09309e-12
0,4.48226e-12
0,5.14337e-12
0,6.11023e-12
0.00065,6.21962e-12
0.00149717,6.36595e-12
0.00264084,6.57048e-12
0.0041848,6.85988e-12
0.00623312,7.2688e-12
0.00895057,7.85882e-12
0.0125557,8.73441e-12
0.0173385,1.00836e-11
0.0236837,1.22702e-11
0.0321017,1.60632e-11
0.0432695,2.32715e-11
0.0580855,3.87587e-11
0.0777414,7.79788e-11
0.103818,2.01698e-10
0.136318,6.70431e-10
0.168818,2.24071e-09
0.201318,7.47554e-09
0.233818,2.47499e-08
0.266318,8.04718e-08
0.298818,2.5096e-07
0.331318,7.05032e-07
0.363818,1.67319e-06
0.396318,3.20959e-06
0.428818,4.96022e-06
0.461318,6.39109e-06
0.493818,7.37076e-06
0.526318,8.14843e-06
0.558818,8.91764e-06
0.591318,9.73377e-06
0.623818,1.06031e-05
0.65,1.13387e-05

"x","y"
0,1.65034e-20
0,1.30548e-20
0,-5.49111e-21
0,1.60965e-12
0,2.31267e-12
0,2.47461e-12
0,2.42261e-12
0,2.4126e-12
0,2.41304e-12
0,2.47701e-12
0,2.51783e-12
0,2.56081e-12
0,2.62007e-12
0,2.70525e-12
0,2.81328e-12
0,2.98089e-12
0,3.29101e-12
0,3.89619e-12
0,4.61611e-12
0.00065,4.69578e-12
0.00149717,4.80231e-12
0.00264084,4.95114e-12
0.0041848,5.16158e-12
0.00623312,5.45868e-12
0.00895057,5.88689e-12
0.0125557,6.52151e-12
0.0173385,7.49779e-12
0.0236837,9.07712e-12
0.0321017,1.1811e-11
0.0432695,1.69957e-11
0.0580855,2.81136e-11
0.0777414,5.62276e-11
0.103818,1.44856e-10
0.136318,4.80759e-10
0.168818,1.60724e-09
0.201318,5.36926e-09
0.233818,1.7813e-08
0.266318,5.81223e-08
0.298818,1.8252e-07
0.331318,5.20198e-07
0.363818,1.26099e-06
0.396318,2.4784e-06
0.428818,3.91856e-06
0.461318,5.11738e-06
0.493818,5.90546e-06
0.526318,6.49121e-06
0.558818,7.05981e-06
0.591318,7.6644e-06
0.623818,8.30899e-06
0.65,8.85365e-06

"x","y"
0,2.14716e-20
0,7.33447e-21
0,3.40456e-20
0,1.43939e-12
0,2.08345e-12
0,2.24066e-12
0,2.20463e-12
0,2.19146e-12
0,2.19693e-12
0,2.25067e-12
0,2.27756e-12
0,2.30561e-12
0,2.34553e-12
0,2.41185e-12
0,2.49424e-12
0,2.60528e-12
0,2.79697e-12
0,3.16164e-12
0,3.62952e-12
0.00065,3.69861e-12
0.00149717,3.79107e-12
0.00264084,3.92037e-12
0.0041848,4.10345e-12
0.00623312,4.36237e-12
0.00895057,4.73641e-12
0.0125557,5.29229e-12
0.0173385,6.15037e-12
0.0236837,7.54416e-12
0.0321017,9.96813e-12
0.0432695,1.45886e-11
0.0580855,2.4549e-11
0.0777414,4.98651e-11
0.103818,1.30047e-10
0.136318,4.35141e-10
0.168818,1.46116e-09
0.201318,4.89413e-09
0.233818,1.62544e-08
0.266318,5.30049e-08
0.298818,1.65992e-07
0.331318,4.69984e-07
0.363818,1.12918e-06
0.396318,2.19233e-06
0.428818,3.41694e-06
0.461318,4.43298e-06
0.493818,5.14568e-06
0.526318,5.7221e-06
0.558818,6.29099e-06
0.591318,6.89111e-06
0.623818,7.52772e-06
0.65,8.06521e-06

"x","y"
0,4.10789e-20
0,3.42281e-20
0,-1.16456e-19
0,1.08681e-11
0,1.5075e-11
0,1.58371e-11
0,1.56096e-11
0,1.52332e-11
0,1.55858e-11
0,1.686e-11
0,1.85533e-11
0,1.95595e-11
0,2.09729e-11
0,2.31289e-11
0,2.39068e-11
0,2.49962e-11
0,2.65603e-11
0,2.88882e-11
0,3.25009e-11
0,3.83813e-11
0,4.82734e-11
0,6.56809e-11
0,9.47931e-11
0.00065,9.57003e-11
0.00149717,9.69054e-11
0.00264084,9.85744e-11
0.0041848,1.00907e-10
0.00623312,1.04151e-10
0.00895057,1.08735e-10
0.0125557,1.15359e-10
0.0173385,1.25227e-10
0.0236837,1.40562e-10
0.0321017,1.65839e-10
0.0432695,2.11072e-10
0.0580855,3.0183e-10
0.0777414,5.15033e-10
0.10336,1.11881e-09
0.13586,3.23927e-09
0.16836,9.76322e-09
0.20086,2.96972e-08
0.23336,8.92209e-08
0.26586,2.58111e-07
0.29836,6.89961e-07
0.33086,1.59338e-06
0.36336,3.0752e-06
0.39586,5.05807e-06
0.42836,7.29402e-06
0.46086,9.56186e-06
0.49336,1.16993e-05
0.52586,1.35376e-05
0.55836,1.49891e-05
0.59086,1.61219e-05
0.62336,1.70831e-05
0.65,1.7827e-05

"x","y"
0,3.12518e-20
0,2.92923e-20
0,-1.42941e-19
0,7.66304e-12
0,1.07239e-11
0,1.13747e-11
0,1.12625e-11
0,1.09948e-11
0,1.13257e-11
0,1.24358e-11
0,1.40036e-11
0,1.50355e-11
0,1.65445e-11
0,1.89423e-11
0,2.3036e-11
0,3.0512e-11
0,4.4843e-11
0,7.30429e-11
0,1.02344e-10
0.00065,1.03155e-10
0.00149717,1.04227e-10
0.00264084,1.05705e-10
0.0041848,1.07758e-10
0.00623312,1.10588e-10
0.00895057,1.14544e-10
0.0125557,1.20178e-10
0.0173385,1.28416e-10
0.0236837,1.40916e-10
0.0321017,1.60918e-10
0.0432695,1.95476e-10
0.0578249,2.60746e-10
0.0767955,4.03533e-10
0.100635,7.65494e-10
0.130594,1.91025e-09
0.163094,5.58375e-09
0.195594,1.68995e-08
0.228094,5.1291e-08
0.260594,1.5198e-07
0.293094,4.23241e-07
0.325594,1.03949e-06
0.358094,2.13534e-06
0.390594,3.709e-06
0.423094,5.57629e-06
0.455594,7.51372e-06
0.488094,9.35851e-06
0.520594,1.09355e-05
0.553094,1.21177e-05
0.585594,1.29706e-05
0.618094,1.36651e-05
0.65,1.43094e-05

"x","y"
0,2.99693e-20
0,1.82056e-20
0,-3.37161e-20
0,6.28376e-12
0,8.82121e-12
0,9.37139e-12
0,9.26462e-12
0,9.03503e-12
0,9.33906e-12
0,1.01364e-11
0,1.1236e-11
0,1.19583e-11
0,1.29996e-11
0,1.46398e-11
0,1.73629e-11
0,2.21719e-11
0,3.12254e-11
0,4.89651e-11
0,7.13603e-11
0.00065,7.19557e-11
0.00149717,7.27445e-11
0.00264084,7.38332e-11
0.0041848,7.53479e-11
0.00623312,7.74411e-11
0.00895057,8.03755e-11
0.0125557,8.45717e-11
0.0173385,9.07401e-11
0.0236837,1.00167e-10
0.0321017,1.15394e-10
0.0432695,1.42018e-10
0.0580855,1.94173e-10
0.0777414,3.14189e-10
0.10336,6.5008e-10
0.13586,1.83145e-09
0.16836,5.51288e-09
0.20086,1.69788e-08
0.23336,5.20722e-08
0.26586,1.54893e-07
0.29836,4.29435e-07
0.33086,1.03127e-06
0.36336,2.06576e-06
0.39586,3.49856e-06
0.42836,5.1561e-06
0.46086,6.8639e-06
0.49336,8.5107e-06
0.52586,9.99809e-06
0.55836,1.12325e-05
0.59086,1.21942e-05
0.62336,1.29676e-05
0.65,1.35409e-05

"x","y"
0,7.58182e-20
0,2.97284e-20
0,5.28903e-20
0,5.67664e-12
0,7.68265e-12
0,7.99329e-12
0,7.7975e-12
0,7.51584e-12
0,7.68362e-12
0,8.13231e-12
0,8.58073e-12
0,8.80025e-12
0,9.07707e-12
0,9.44218e-12
0,9.92483e-12
0,1.05882e-11
0,1.15748e-11
0,1.31354e-11
0,1.44475e-11
0.00065,1.47414e-11
0.00149717,1.51346e-11
0.00264084,1.56842e-11
0.0041848,1.6462e-11
0.00626915,1.75808e-11
0.00696046,1.79703e-11
0.0078776,1.85019e-11
0.00911573,1.92472e-11
0.0107872,2.03062e-11
0.0130047,2.18108e-11
0.0158431,2.39164e-11
0.0196087,2.70564e-11
0.0241651,3.14599e-11
0.0301036,3.83784e-11
0.0377048,4.96577e-11
0.0477892,7.02156e-11
0.0609324,1.10948e-10
0.0780625,2.02825e-10
0.100389,4.48354e-10
0.128445,1.22071e-09
0.160945,3.8951e-09
0.193445,1.23582e-08
0.225945,3.87162e-08
0.258445,1.18164e-07
0.290945,3.41754e-07
0.323445,8.86286e-07
0.355945,1.92852e-06
0.388445,3.49788e-06
0.420945,5.37401e-06
0.453445,7.27933e-06
0.485945,9.01344e-06
0.518445,1.04061e-05
0.550945,1.14406e-05
0.583445,1.22578e-05
0.615945,1.29923e-05
0.648445,1.37162e-05
0.65,1.37512e-05

"x","y"
0,9.86322e-20
0,4.59418e-20
0,2.10429e-19
0,3.90876e-12
0,5.28889e-12
0,5.50586e-12
0,5.36174e-12
0,5.16593e-12
0,5.27975e-12
0,5.57531e-12
0,5.86617e-12
0,6.01112e-12
0,6.19556e-12
0,6.43821e-12
0,6.75946e-12
0,7.20619e-12
0,7.52102e-12
0,7.97694e-12
0,8.66782e-12
0,9.74175e-12
0,9.89875e-12
0.00065,1.0097e-11
0.00149717,1.03623e-11
0.00264084,1.07331e-11
0.0041848,1.12576e-11
0.00623312,1.19987e-11
0.00895057,1.30675e-11
0.0125557,1.46524e-11
0.0173385,1.70908e-11
0.0236837,2.10324e-11
0.0321017,2.78387e-11
0.0432695,4.06776e-11
0.0578249,6.73196e-11
0.0767955,1.31231e-10
0.10152,3.16587e-10
0.132591,9.64353e-10
0.165091,3.09381e-09
0.197591,9.87221e-09
0.230091,3.11167e-08
0.262591,9.55953e-08
0.295091,2.78433e-07
0.327591,7.25927e-07
0.360091,1.59162e-06
0.392591,2.90722e-06
0.425091,4.49278e-06
0.457591,6.09952e-06
0.490091,7.53482e-06
0.522591,8.63376e-06
0.555091,9.3994e-06
0.587591,9.99049e-06
0.620091,1.05302e-05
0.65,1.10286e-05

"x","y"
0,3.84281e-20
0,5.79221e-20
0,2.42712e-19
0,3.36462e-12
0,4.59301e-12
0,4.81089e-12
0,4.693e-12
0,4.54472e-12
0,4.66429e-12
0,4.88484e-12
0,5.10028e-12
0,5.21502e-12
0,5.35978e-12
0,5.5486e-12
0,5.79312e-12
0,6.13082e-12
0,6.63578e-12
0,7.43676e-12
0,8.18839e-12
0.00065,8.35499e-12
0.00151233,8.58218e-12
0.00267648,8.89988e-12
0.00424809,9.34994e-12
0.00629641,9.97518e-12
0.00901385,1.08776e-11
0.012619,1.22169e-11
0.0174018,1.42798e-11
0.023747,1.76196e-11
0.032165,2.33979e-11
0.0433328,3.43251e-11
0.0578882,5.70724e-11
0.0768588,1.11859e-10
0.101584,2.71547e-10
0.132655,8.3298e-10
0.165155,2.68996e-09
0.197655,8.63396e-09
0.230155,2.73418e-08
0.262655,8.42576e-08
0.295155,2.45458e-07
0.327655,6.37175e-07
0.360155,1.38747e-06
0.392655,2.52127e-06
0.425155,3.89673e-06
0.457655,5.32219e-06
0.490155,6.65918e-06
0.522655,7.79384e-06
0.555155,8.66414e-06
0.587655,9.32979e-06
0.620155,9.90356e-06
0.65,1.0414e-05

"x","y"
0,2.00458e-20
0,1.38268e-20
0,7.46948e-20
0,3.06887e-12
0,4.25593e-12
0,4.45416e-12
0,4.34036e-12
0,4.18283e-12
0,4.32277e-12
0,4.52368e-12
0,4.7391e-12
0,5.01686e-12
0,5.21263e-12
0,5.4983e-12
0,5.94282e-12
0,6.67695e-12
0,8.00801e-12
0,1.05314e-11
0,1.25613e-11
0.00065,1.27291e-11
0.00151233,1.29572e-11
0.00267648,1.3275e-11
0.00424809,1.37229e-11
0.00633308,1.43529e-11
0.00909917,1.52562e-11
0.0127688,1.65866e-11
0.0176373,1.86179e-11
0.0239825,2.1811e-11
0.0322524,2.71484e-11
0.0430309,3.68322e-11
0.0570788,5.64285e-11
0.0753879,1.02252e-10
0.0992508,2.31833e-10
0.129238,6.73757e-10
0.161738,2.18427e-09
0.194238,7.11234e-09
0.226738,2.30284e-08
0.259238,7.32759e-08
0.291738,2.24205e-07
0.324238,6.27595e-07
0.356738,1.49136e-06
0.389238,2.91644e-06
0.421738,4.69222e-06
0.454238,6.46203e-06
0.486738,7.97464e-06
0.519238,9.08188e-06
0.551738,9.86048e-06
0.584238,1.04834e-05
0.616738,1.1065e-05
0.649238,1.16565e-05
0.65,1.16707e-05

"x","y"
0,1.24647e-20
0,2.37809e-20
0,-4.31763e-20
0,2.19422e-12
0,3.05599e-12
0,3.21151e-12
0,3.13403e-12
0,3.03e-12
0,3.12798e-12
0,3.24848e-12
0,3.40349e-12
0,3.65628e-12
0,4.03427e-12
0,4.65215e-12
0,5.16581e-12
0,6.03905e-12
0,7.5766e-12
0,1.03595e-11
0,1.12483e-11
0.00065,1.13792e-11
0.00149717,1.15536e-11
0.00264084,1.1796e-11
0.0041848,1.21363e-11
0.00623312,1.26123e-11
0.00895057,1.32903e-11
0.0125557,1.42804e-11
0.0173385,1.57757e-11
0.0236837,1.81407e-11
0.0321017,2.21283e-11
0.0432695,2.94698e-11
0.0580855,4.47237e-11
0.0777414,8.21021e-11
0.10336,1.93384e-10
0.13586,6.08082e-10
0.16836,1.96641e-09
0.20086,6.40475e-09
0.23336,2.07587e-08
0.26586,6.60877e-08
0.29836,2.01777e-07
0.33086,5.58916e-07
0.36336,1.31334e-06
0.39586,2.53571e-06
0.42836,4.03919e-06
0.46086,5.51475e-06
0.49336,6.72844e-06
0.52586,7.54985e-06
0.55836,8.09521e-06
0.59086,8.53763e-06
0.62336,8.96551e-06
0.65,9.32771e-06

"x","y"
0,1.17304e-20
0,7.05292e-21
0,7.42119e-20
0,1.94384e-12
0,2.72211e-12
0,2.87085e-12
0,2.80115e-12
0,2.73434e-12
0,2.81507e-12
0,2.90075e-12
0,3.02193e-12
0,3.21368e-12
0,3.4891e-12
0,3.94392e-12
0,4.72535e-12
0,6.31575e-12
0,8.27172e-12
0.00065,8.37948e-12
0.00149717,8.52319e-12
0.00264084,8.72323e-12
0.0041848,9.00478e-12
0.00623312,9.39983e-12
0.00895057,9.9648e-12
0.0125557,1.07939e-11
0.0173385,1.20538e-11
0.0236837,1.4062e-11
0.0321017,1.74786e-11
0.0432695,2.38328e-11
0.0580855,3.7177e-11
0.0777414,7.02112e-11
0.10336,1.69426e-10
0.13586,5.41624e-10
0.16836,1.76572e-09
0.20086,5.77353e-09
0.23336,1.87325e-08
0.26586,5.9548e-08
0.29836,1.80793e-07
0.33086,4.95214e-07
0.36336,1.14643e-06
0.39586,2.18641e-06
0.42836,3.46995e-06
0.46086,4.77165e-06
0.49336,5.93038e-06
0.52586,6.83116e-06
0.55836,7.46866e-06
0.59086,7.95513e-06
0.62336,8.39735e-06
0.65,8.76346e-06

"x","y"
0,1.30032e-20
0,2.66668e-20
0,-8.21646e-20
0,2.40106e-11
0,3.25452e-11
0,3.384e-11
0,3.26612e-11
0,3.28691e-11
0,3.42666e-11
0,3.76673e-11
0,4.08349e-11
0,4.55416e-11
0,5.20466e-11
0,6.14712e-11
0,7.62601e-11
0,1.01275e-10
0,1.46768e-10
0,2.32645e-10
0,4.03219e-10
0,4.10082e-10
0.00065,4.12997e-10
0.00149717,4.16854e-10
0.00264084,4.22168e-10
0.0041848,4.29544e-10
0.00623312,4.39704e-10
0.00895057,4.53887e-10
0.0125557,4.74047e-10
0.0173385,5.0344e-10
0.0236837,5.47854e-10
0.0321017,6.18451e-10
0.0432695,7.39117e-10
0.0580855,9.67945e-10
0.0777414,1.4707e-09
0.103818,2.82434e-09
0.136318,7.13848e-09
0.168818,1.9309e-08
0.201318,5.32968e-08
0.233818,1.44999e-07
0.266318,3.75788e-07
0.298818,8.8899e-07
0.331318,1.8253e-06
0.363818,3.17981e-06
0.396318,4.8369e-06
0.428818,6.63855e-06
0.461318,8.47596e-06
0.493818,1.02972e-05
0.526318,1.20901e-05
0.558818,1.38607e-05
0.591318,1.5614e-05
0.623818,1.73494e-05
0.65,1.87328e-05

"x","y"
0,1.15181e-20
0,1.6e-20
0,-6.97822e-20
0,1.70099e-11
0,2.33353e-11
0,2.45757e-11
0,2.40138e-11
0,2.43061e-11
0,2.54429e-11
0,2.86765e-11
0,3.16937e-11
0,3.61533e-11
0,4.24709e-11
0,5.19103e-11
0,6.7069e-11
0,9.32607e-11
0,1.41038e-10
0,2.29595e-10
0,4.1017e-10
0,4.13065e-10
0.00065,4.15656e-10
0.00149717,4.19076e-10
0.00264084,4.23769e-10
0.0041848,4.30249e-10
0.00623312,4.39112e-10
0.00895057,4.51367e-10
0.0125557,4.68569e-10
0.0173385,4.93234e-10
0.0236837,5.29686e-10
0.0321017,5.85994e-10
0.0432695,6.7884e-10
0.0580855,8.47608e-10
0.0777414,1.20223e-09
0.103818,2.12098e-09
0.136318,4.98579e-09
0.168818,1.30529e-08
0.201318,3.58456e-08
0.233818,9.87065e-08
0.266318,2.62278e-07
0.298818,6.43988e-07
0.331318,1.38527e-06
0.363818,2.53703e-06
0.396318,4.04673e-06
0.428818,5.77454e-06
0.461318,7.5874e-06
0.493818,9.39984e-06
0.526318,1.11671e-05
0.558818,1.28796e-05
0.591318,1.45391e-05
0.623818,1.61513e-05
0.65,1.74221e-05

"x","y"
0,1.93368e-20
0,1.27583e-20
0,6.32775e-20
0,1.31003e-11
0,1.79654e-11
0,1.88808e-11
0,1.84324e-11
0,1.86469e-11
0,1.94012e-11
0,2.16759e-11
0,2.62295e-11
0,3.26361e-11
0,3.73102e-11
0,4.44215e-11
0,5.59555e-11
0,7.60816e-11
0,1.11119e-10
0,1.74279e-10
0,2.71287e-10
0.00065,2.73063e-10
0.00149717,2.75409e-10
0.00264084,2.78631e-10
0.0041848,2.83085e-10
0.00623312,2.89187e-10
0.00895057,2.97643e-10
0.0125557,3.0955e-10
0.0173385,3.26693e-10
0.0236837,3.52176e-10
0.0321017,3.9185e-10
0.0432695,4.57939e-10
0.0580855,5.79777e-10
0.0777414,8.40371e-10
0.10336,1.51214e-09
0.13586,3.67659e-09
0.16836,9.88609e-09
0.20086,2.77185e-08
0.23336,7.76655e-08
0.26586,2.09624e-07
0.29836,5.22358e-07
0.33086,1.13615e-06
0.36336,2.09981e-06
0.39586,3.37536e-06
0.42836,4.84002e-06
0.46086,6.36809e-06
0.49336,7.8725e-06
0.52586,9.31196e-06
0.55836,1.06922e-05
0.59086,1.20334e-05
0.62336,1.33491e-05
0.65,1.44135e-05

"x","y"
0,5.12477e-20
0,5.90172e-20
0,-1.57755e-19
0,1.07615e-11
0,1.41717e-11
0,1.43712e-11
0,1.35308e-11
0,1.32861e-11
0,1.36747e-11
0,1.43166e-11
0,1.53833e-11
0,1.61544e-11
0,1.70215e-11
0,1.80447e-11
0,1.93266e-11
0,2.10934e-11
0,2.36755e-11
0,2.75688e-11
0,3.37674e-11
0,3.55054e-11
0.00065,3.6161e-11
0.00149717,3.70367e-11
0.00264084,3.82582e-11
0.0041848,3.99819e-11
0.00626915,4.24524e-11
0.00696046,4.33101e-11
0.0078776,4.44786e-11
0.00911573,4.61134e-11
0.0107872,4.84295e-11
0.0130047,5.17072e-11
0.0158431,5.62713e-11
0.0196087,6.30325e-11
0.0246044,7.34219e-11
0.0312321,9.0186e-11
0.0400247,1.19062e-10
0.0516896,1.73337e-10
0.0671651,2.87966e-10
0.0876959,5.70774e-10
0.114454,1.40552e-09
0.146954,4.21461e-09
0.179454,1.25719e-08
0.211954,3.69613e-08
0.244454,1.05608e-07
0.276954,2.86122e-07
0.309454,7.05895e-07
0.341954,1.4959e-06
0.374454,2.67056e-06
0.406954,4.10508e-06
0.439454,5.62164e-06
0.471954,7.12751e-06
0.504454,8.60723e-06
0.536954,1.00682e-05
0.569454,1.15167e-05
0.601954,1.29527e-05
0.634454,1.43742e-05
0.65,1.5049e-05

"x","y"
0,-9.20346e-21
0,3.03657e-20
0,8.45773e-20
0,7.27933e-12
0,9.5818e-12
0,9.70448e-12
0,9.13129e-12
0,8.99085e-12
0,9.23441e-12
0,9.70572e-12
0,1.04719e-11
0,1.10014e-11
0,1.15983e-11
0,1.23076e-11
0,1.3227e-11
0,1.45404e-11
0,1.6501e-11
0,1.95046e-11
0,2.35868e-11
0,2.43222e-11
0.00065,2.47546e-11
0.00149717,2.53322e-11
0.00264084,2.61375e-11
0.0041848,2.72736e-11
0.00623312,2.88722e-11
0.00895057,3.11658e-11
0.0125557,3.45434e-11
0.0173385,3.96939e-11
0.0236837,4.7923e-11
0.0321017,6.19206e-11
0.0432695,8.7816e-11
0.0580855,1.41431e-10
0.0777414,2.70474e-10
0.103818,6.50041e-10
0.136318,1.96084e-09
0.168818,5.91737e-09
0.201318,1.76988e-08
0.233818,5.18896e-08
0.266318,1.46441e-07
0.298818,3.85329e-07
0.331318,8.98007e-07
0.363818,1.77244e-06
0.396318,2.99444e-06
0.428818,4.43196e-06
0.461318,5.93148e-06
0.493818,7.4052e-06
0.526318,8.82832e-06
0.558818,1.02032e-05
0.591318,1.15376e-05
0.623818,1.28413e-05
0.65,1.3877e-05

"x","y"
0,2.03076e-20
0,2.26086e-20
0,-7.55111e-20
0,5.91992e-12
0,7.92226e-12
0,8.03918e-12
0,7.6034e-12
0,7.53748e-12
0,7.71905e-12
0,8.10343e-12
0,8.72212e-12
0,9.13103e-12
0,9.59225e-12
0,1.01349e-11
0,1.08568e-11
0,1.19061e-11
0,1.34897e-11
0,1.59368e-11
0,1.89726e-11
0.00065,1.93129e-11
0.00149717,1.97676e-11
0.00264084,2.04018e-11
0.0041848,2.12968e-11
0.00623312,2.25567e-11
0.00880718,2.42662e-11
0.0122221,2.6772e-11
0.0167526,3.05692e-11
0.022763,3.65858e-11
0.0307368,4.67054e-11
0.0413153,6.51462e-11
0.0553496,1.0256e-10
0.0736409,1.88117e-10
0.0974806,4.21354e-10
0.128552,1.22016e-09
0.161052,3.71806e-09
0.193552,1.12413e-08
0.226052,3.33624e-08
0.258552,9.56122e-08
0.291052,2.57122e-07
0.323552,6.19909e-07
0.356052,1.26983e-06
0.388552,2.22557e-06
0.421052,3.39638e-06
0.453552,4.63897e-06
0.486052,5.85308e-06
0.518552,7.01292e-06
0.551052,8.1283e-06
0.583552,9.21626e-06
0.616052,1.02879e-05
0.648552,1.13498e-05
0.65,1.1397e-05

"x","y"
0,1.31831e-20
0,8.77833e-21
0,3.83241e-20
0,5.22862e-12
0,6.93311e-12
0,7.02084e-12
0,6.67214e-12
0,6.66569e-12
0,6.76955e-12
0,7.10036e-12
0,7.709e-12
0,8.49265e-12
0,8.99843e-12
0,9.72525e-12
0,1.08399e-11
0,1.26421e-11
0,1.57198e-11
0,2.10745e-11
0,2.67958e-11
0.00065,2.71121e-11
0.00149717,2.75334e-11
0.00264084,2.8119e-11
0.0041848,2.89414e-11
0.00626915,3.01131e-11
0.00903439,3.17848e-11
0.0127029,3.42301e-11
0.0175699,3.79308e-11
0.0240267,4.37975e-11
0.0325927,5.37079e-11
0.0439569,7.19714e-11
0.0590335,1.09876e-10
0.0790351,2.02291e-10
0.105571,4.81937e-10
0.138071,1.46445e-09
0.170571,4.54211e-09
0.203071,1.41096e-08
0.235571,4.33209e-08
0.268071,1.2929e-07
0.300571,3.64011e-07
0.333071,9.13013e-07
0.365571,1.92268e-06
0.398071,3.37434e-06
0.430571,5.01129e-06
0.463071,6.58913e-06
0.495571,8.05787e-06
0.528071,9.45345e-06
0.560571,1.08111e-05
0.593071,1.21598e-05
0.625571,1.35174e-05
0.65,1.45507e-05

"x","y"
0,1.6081e-20
0,1.05037e-20
0,-2.86517e-20
0,3.70173e-12
0,4.92603e-12
0,5.00961e-12
0,4.7836e-12
0,4.78692e-12
0,4.8465e-12
0,5.02849e-12
0,5.39024e-12
0,5.98032e-12
0,6.41094e-12
0,7.04288e-12
0,8.04024e-12
0,9.69212e-12
0,1.26406e-11
0,1.79123e-11
0,2.35251e-11
0.00065,2.37697e-11
0.00149717,2.4095e-11
0.00264084,2.45461e-11
0.0041848,2.51776e-11
0.00623312,2.60576e-11
0.00895057,2.73049e-11
0.0125557,2.9114e-11
0.0173385,3.18223e-11
0.0236837,3.6058e-11
0.0321017,4.30958e-11
0.0432695,5.58153e-11
0.0580855,8.16438e-11
0.0777414,1.43182e-10
0.103818,3.25152e-10
0.136318,9.69552e-10
0.168818,2.99322e-09
0.201318,9.32263e-09
0.233818,2.88307e-08
0.266318,8.71146e-08
0.298818,2.504e-07
0.331318,6.4955e-07
0.363818,1.43152e-06
0.396318,2.65233e-06
0.428818,4.16897e-06
0.461318,5.72609e-06
0.493818,7.17217e-06
0.526318,8.51352e-06
0.558818,9.79406e-06
0.591318,1.10579e-05
0.623818,1.23255e-05
0.65,1.33557e-05

"x","y"
0,1.03861e-20
0,6.97712e-21
0,-7.65342e-21
0,3.17037e-12
0,4.23793e-12
0,4.32222e-12
0,4.14627e-12
0,4.14725e-12
0,4.19167e-12
0,4.34099e-12
0,4.62056e-12
0,5.05246e-12
0,5.35291e-12
0,5.78221e-12
0,6.43008e-12
0,7.47393e-12
0,9.27907e-12
0,1.24107e-11
0,1.63882e-11
0.00065,1.65797e-11
0.00149717,1.68347e-11
0.00264084,1.71889e-11
0.0041848,1.7686e-11
0.00623312,1.83809e-11
0.00895057,1.93699e-11
0.0125557,2.08119e-11
0.0173385,2.29851e-11
0.0236837,2.64119e-11
0.0321017,3.21622e-11
0.0432695,4.26737e-11
0.0580855,6.42812e-11
0.0777414,1.16391e-10
0.103818,2.72169e-10
0.136318,8.28508e-10
0.168818,2.58462e-09
0.201318,8.0909e-09
0.233818,2.50569e-08
0.266318,7.55387e-08
0.298818,2.15609e-07
0.331318,5.52234e-07
0.363818,1.20039e-06
0.396318,2.20004e-06
0.428818,3.42982e-06
0.461318,4.67856e-06
0.493818,5.83033e-06
0.526318,6.89726e-06
0.558818,7.9208e-06
0.591318,8.93697e-06
0.623818,9.96252e-06
0.65,1.07999e-05

